<!DOCTYPE suite SYSTEM "http://testng.org/testng-1.0.dtd" >
<suite parallel = "tests"  name="FMV_Testing">

<listeners>
<listener class-name="autoOps.frameworkvalidator.intializer.Listeners"/>
</listeners>
   
   
    
     <test name="RG">
        <classes>
          
           
           <class name="autoOps.frameworkvalidator.azurevalidationservices.TestResourceGroup" />
                      
                   
        </classes>
    </test>
    
      
     <test name="KV">
        <classes>
          
           
           <class name="autoOps.frameworkvalidator.azurevalidationservices.TestKeyVault" />
                      
                   
        </classes>
    </test>
           
      
  
    
</suite  >