{"Body":{"RequestUID":"CD6B03E0-8684-4427-8BEA-5D5388A0F5BA","RequestComponents":[{"ServiceType":"ADF","ServiceProperties":{"serviceID":"1","serviceName":"testadfdataops","gitType":"Azure DevOps Git","azureActiveDirectory":"Tata Consultancy Services Ltd. (3c8ea0e4-127c-4a02-ac65-58830e4ac608)","devOpsOrganizationName":"MBU-Data-AI-AutoOps","devOpsProjectName":"DevlopmentProject","reposName":"DataOps","collaborationBranch":"Development","publishBranch":"Release","rootFolder":"ADF"}},{"ServiceType":"Synapse","ServiceProperties":{"serviceID":"3","serviceName":"testsynapsedataops","gitType":"Azure DevOps Git","azureActiveDirectory":"Tata Consultancy Services Ltd. (3c8ea0e4-127c-4a02-ac65-58830e4ac608)","devOpsOrganizationName":"MBU-Data-AI-AutoOps","devOpsProjectName":"DevlopmentProject","reposName":"DataOps","collaborationBranch":"Development","publishBranch":"Release","rootFolder":"ADF"}}]}}