{
    "Body": {
        "RequestUID": "30f14c6c1fc85cba12bfd093aa8f90e3",
        "RequestComponents": [{
                "ServiceType": "ADF",
                "ServiceProperties": {
                    "serviceID": "1",
                    "serviceName": "testadfdataops",
                    "gitType": "Azure DevOps Git",
                    "azureActiveDirectory": "Tata Consultancy Services Ltd. (3c8ea0e4-127c-4a02-ac65-58830e4ac608)",
                    "devOpsOrganizationName": "MBU-Data-AI-AutoOps",
                    "devOpsProjectName": "DevlopmentProject",
                    "reposName": "DataOps",
                    "collaborationBranch": "Development",
                    "publishBranch": "Release",
                    "rootFolder": "ADF"
        }
            },
            {
                "ServiceType": "Synapse",
                "ServiceProperties": {
                    "serviceID": "1",
                    "serviceName": "testsynapsedataops",
                    "gitType": "Azure DevOps Git",
                    "azureActiveDirectory": "Tata Consultancy Services Ltd. (3c8ea0e4-127c-4a02-ac65-58830e4ac608)",
                    "devOpsOrganizationName": "MBU-Data-AI-AutoOps",
                    "devOpsProjectName": "DevlopmentProject",
                    "reposName": "DataOps",
                    "collaborationBranch": "Development",
                    "publishBranch": "Release",
                    "rootFolder": "Synapse"
                }
            }
        ]
    }
}